{"cameraMode":{"drawMode":0,"name":"Shaded","section":"Shading Mode"},"sceneLighting":true,"audioPlay":false,"sceneViewState":{"showFog":true,"showMaterialUpdate":false,"showSkybox":true,"showFlares":true,"showImageEffects":true,"showParticleSystems":true},"in2DMode":false,"pivot":{"x":-0.03689740598201752,"y":0.04960407316684723,"z":-0.01084253191947937},"rotation":{"x":-0.31835800409317019,"y":-0.04095124825835228,"z":0.013772019185125828,"w":-0.9469854831695557},"size":0.31724029779434206,"orthographic":false}